,movie,imdb_id,genre,image_url
0,Life Is Beautiful,tt0118799,"['Comedy', ' Drama', ' Romance']",http://img.omdbapi.com/?i=tt0118799&h=600&apikey=7c8ba5e4
1,"Pretty Village, Pretty Flame",tt0116860,"['Comedy', ' Drama', ' History']",http://img.omdbapi.com/?i=tt0116860&h=600&apikey=7c8ba5e4
2,Back to the Future,tt0088763,"['Adventure', ' Comedy', ' Sci-Fi']",http://img.omdbapi.com/?i=tt0088763&h=600&apikey=7c8ba5e4
3,The Intouchables,tt1675434,"['Biography', ' Comedy', ' Drama']",http://img.omdbapi.com/?i=tt1675434&h=600&apikey=7c8ba5e4
4,City Lights,tt0021749,"['Comedy', ' Drama', ' Romance']",http://img.omdbapi.com/?i=tt0021749&h=600&apikey=7c8ba5e4
5,Modern Times,tt0027977,"['Comedy', ' Drama', ' Romance']",http://img.omdbapi.com/?i=tt0027977&h=600&apikey=7c8ba5e4
6,Spider-Man: Into the Spider-Verse,tt4633694,"['Animation', ' Action', ' Adventure']",http://img.omdbapi.com/?i=tt4633694&h=600&apikey=7c8ba5e4
7,Dr. Strangelove or: How I Learned to Stop Worrying and Love the Bomb,tt0057012,"['Comedy', ' War']",http://img.omdbapi.com/?i=tt0057012&h=600&apikey=7c8ba5e4
8,3 Idiots,tt1187043,"['Comedy', ' Drama']",http://img.omdbapi.com/?i=tt1187043&h=600&apikey=7c8ba5e4
9,The Great Dictator,tt0032553,"['Comedy', ' Drama', ' War']",http://img.omdbapi.com/?i=tt0032553&h=600&apikey=7c8ba5e4
10,Toy Story,tt0114709,"['Animation', ' Adventure', ' Comedy']",http://img.omdbapi.com/?i=tt0114709&h=600&apikey=7c8ba5e4
11,Up,tt1049413,"['Animation', ' Adventure', ' Comedy']",http://img.omdbapi.com/?i=tt1049413&h=600&apikey=7c8ba5e4
12,Toy Story 3,tt0435761,"['Animation', ' Adventure', ' Comedy']",http://img.omdbapi.com/?i=tt0435761&h=600&apikey=7c8ba5e4
13,Am√©lie,tt0211915,"['Comedy', ' Romance']",http://img.omdbapi.com/?i=tt0211915&h=600&apikey=7c8ba5e4
14,Singin' in the Rain,tt0045152,"['Comedy', ' Musical', ' Romance']",http://img.omdbapi.com/?i=tt0045152&h=600&apikey=7c8ba5e4
15,The Sting,tt0070735,"['Comedy', ' Crime', ' Drama']",http://img.omdbapi.com/?i=tt0070735&h=600&apikey=7c8ba5e4
16,The Apartment,tt0053604,"['Comedy', ' Drama', ' Romance']",http://img.omdbapi.com/?i=tt0053604&h=600&apikey=7c8ba5e4
17,The Kid,tt0012349,"['Comedy', ' Drama', ' Family']",http://img.omdbapi.com/?i=tt0012349&h=600&apikey=7c8ba5e4
18,The Wolf of Wall Street,tt0993846,"['Biography', ' Comedy', ' Crime']",http://img.omdbapi.com/?i=tt0993846&h=600&apikey=7c8ba5e4
19,The Truman Show,tt0120382,"['Comedy', ' Drama']",http://img.omdbapi.com/?i=tt0120382&h=600&apikey=7c8ba5e4
20,Snatch,tt0208092,"['Comedy', ' Crime']",http://img.omdbapi.com/?i=tt0208092&h=600&apikey=7c8ba5e4
21,Green Book,tt6966692,"['Biography', ' Comedy', ' Drama']",http://img.omdbapi.com/?i=tt6966692&h=600&apikey=7c8ba5e4
22,Finding Nemo,tt0266543,"['Animation', ' Adventure', ' Comedy']",http://img.omdbapi.com/?i=tt0266543&h=600&apikey=7c8ba5e4
23,Monty Python and the Holy Grail,tt0071853,"['Adventure', ' Comedy', ' Fantasy']",http://img.omdbapi.com/?i=tt0071853&h=600&apikey=7c8ba5e4
24,Some Like It Hot,tt0053291,"['Comedy', ' Music', ' Romance']",http://img.omdbapi.com/?i=tt0053291&h=600&apikey=7c8ba5e4
25,Klaus,tt4729430,"['Animation', ' Adventure', ' Comedy']",http://img.omdbapi.com/?i=tt4729430&h=600&apikey=7c8ba5e4
26,To Be or Not to Be,tt0035446,"['Comedy', ' Romance', ' War']",http://img.omdbapi.com/?i=tt0035446&h=600&apikey=7c8ba5e4
27,Zindagi Na Milegi Dobara,tt1562872,"['Comedy', ' Drama', ' Musical']",http://img.omdbapi.com/?i=tt1562872&h=600&apikey=7c8ba5e4
28,Sherlock Jr.,tt0015324,"['Action', ' Comedy', ' Romance']",http://img.omdbapi.com/?i=tt0015324&h=600&apikey=7c8ba5e4
29,It's Such a Beautiful Day,tt2396224,"['Animation', ' Comedy', ' Drama']",http://img.omdbapi.com/?i=tt2396224&h=600&apikey=7c8ba5e4
30,Il Sorpasso,tt0056512,"['Comedy', ' Drama']",http://img.omdbapi.com/?i=tt0056512&h=600&apikey=7c8ba5e4
31,Jo Jeeta Wohi Sikandar,tt0104561,"['Comedy', ' Drama', ' Romance']",http://img.omdbapi.com/?i=tt0104561&h=600&apikey=7c8ba5e4
32,Guardians of the Galaxy Vol. 3,tt6791350,"['Action', ' Adventure', ' Comedy']",http://img.omdbapi.com/?i=tt6791350&h=600&apikey=7c8ba5e4
33,The Grand Budapest Hotel,tt2278388,"['Adventure', ' Comedy', ' Crime']",http://img.omdbapi.com/?i=tt2278388&h=600&apikey=7c8ba5e4
34,The Big Lebowski,tt0118715,"['Comedy', ' Crime']",http://img.omdbapi.com/?i=tt0118715&h=600&apikey=7c8ba5e4
35,Ratatouille,tt0382932,"['Animation', ' Adventure', ' Comedy']",http://img.omdbapi.com/?i=tt0382932&h=600&apikey=7c8ba5e4
36,"Three Billboards Outside Ebbing, Missouri",tt5027774,"['Comedy', ' Crime', ' Drama']",http://img.omdbapi.com/?i=tt5027774&h=600&apikey=7c8ba5e4
37,Inside Out,tt2096673,"['Animation', ' Adventure', ' Comedy']",http://img.omdbapi.com/?i=tt2096673&h=600&apikey=7c8ba5e4
38,Dead Poets Society,tt0097165,"['Comedy', ' Drama']",http://img.omdbapi.com/?i=tt0097165&h=600&apikey=7c8ba5e4
39,"Monsters, Inc.",tt0198781,"['Animation', ' Adventure', ' Comedy']",http://img.omdbapi.com/?i=tt0198781&h=600&apikey=7c8ba5e4
40,"Lock, Stock and Two Smoking Barrels",tt0120735,"['Action', ' Comedy', ' Crime']",http://img.omdbapi.com/?i=tt0120735&h=600&apikey=7c8ba5e4
41,How to Train Your Dragon,tt0892769,"['Animation', ' Action', ' Adventure']",http://img.omdbapi.com/?i=tt0892769&h=600&apikey=7c8ba5e4
42,The Iron Giant,tt0129167,"['Animation', ' Action', ' Adventure']",http://img.omdbapi.com/?i=tt0129167&h=600&apikey=7c8ba5e4
43,Paper Moon,tt0070510,"['Comedy', ' Crime', ' Drama']",http://img.omdbapi.com/?i=tt0070510&h=600&apikey=7c8ba5e4
44,It Happened One Night,tt0025316,"['Comedy', ' Romance']",http://img.omdbapi.com/?i=tt0025316&h=600&apikey=7c8ba5e4
45,Mary and Max,tt0978762,"['Animation', ' Comedy', ' Drama']",http://img.omdbapi.com/?i=tt0978762&h=600&apikey=7c8ba5e4
46,Underground,tt0114787,"['Comedy', ' Drama', ' Fantasy']",http://img.omdbapi.com/?i=tt0114787&h=600&apikey=7c8ba5e4
47,Mr. Smith Goes to Washington,tt0031679,"['Comedy', ' Drama']",http://img.omdbapi.com/?i=tt0031679&h=600&apikey=7c8ba5e4
48,The General,tt0017925,"['Action', ' Adventure', ' Comedy']",http://img.omdbapi.com/?i=tt0017925&h=600&apikey=7c8ba5e4
49,The Gold Rush,tt0015864,"['Adventure', ' Comedy', ' Drama']",http://img.omdbapi.com/?i=tt0015864&h=600&apikey=7c8ba5e4
50,Time of the Gypsies,tt0097223,"['Comedy', ' Crime', ' Drama']",http://img.omdbapi.com/?i=tt0097223&h=600&apikey=7c8ba5e4
51,Queen,tt3322420,"['Adventure', ' Comedy', ' Drama']",http://img.omdbapi.com/?i=tt3322420&h=600&apikey=7c8ba5e4
52,OMG: Oh My God!,tt2283748,"['Comedy', ' Drama', ' Fantasy']",http://img.omdbapi.com/?i=tt2283748&h=600&apikey=7c8ba5e4
53,Safety Last!,tt0014429,"['Action', ' Comedy', ' Thriller']",http://img.omdbapi.com/?i=tt0014429&h=600&apikey=7c8ba5e4
54,The Circus,tt0018773,"['Comedy', ' Family', ' Romance']",http://img.omdbapi.com/?i=tt0018773&h=600&apikey=7c8ba5e4
55,La La Land,tt3783958,"['Comedy', ' Drama', ' Music']",http://img.omdbapi.com/?i=tt3783958&h=600&apikey=7c8ba5e4
56,Guardians of the Galaxy,tt2015381,"['Action', ' Adventure', ' Comedy']",http://img.omdbapi.com/?i=tt2015381&h=600&apikey=7c8ba5e4
57,Deadpool,tt1431045,"['Action', ' Comedy']",http://img.omdbapi.com/?i=tt1431045&h=600&apikey=7c8ba5e4
58,The Princess Bride,tt0093779,"['Adventure', ' Comedy', ' Family']",http://img.omdbapi.com/?i=tt0093779&h=600&apikey=7c8ba5e4
59,CODA,tt10366460,"['Comedy', ' Drama', ' Music']",http://img.omdbapi.com/?i=tt10366460&h=600&apikey=7c8ba5e4
60,Zootopia,tt2948356,"['Animation', ' Adventure', ' Comedy']",http://img.omdbapi.com/?i=tt2948356&h=600&apikey=7c8ba5e4
61,Soul,tt2948372,"['Animation', ' Adventure', ' Comedy']",http://img.omdbapi.com/?i=tt2948372&h=600&apikey=7c8ba5e4
62,Aladdin,tt0103639,"['Animation', ' Adventure', ' Comedy']",http://img.omdbapi.com/?i=tt0103639&h=600&apikey=7c8ba5e4
63,Groundhog Day,tt0107048,"['Comedy', ' Drama', ' Fantasy']",http://img.omdbapi.com/?i=tt0107048&h=600&apikey=7c8ba5e4
64,Young Frankenstein,tt0072431,['Comedy'],http://img.omdbapi.com/?i=tt0072431&h=600&apikey=7c8ba5e4
65,The Graduate,tt0061722,"['Comedy', ' Drama', ' Romance']",http://img.omdbapi.com/?i=tt0061722&h=600&apikey=7c8ba5e4
66,Do the Right Thing,tt0097216,"['Comedy', ' Drama']",http://img.omdbapi.com/?i=tt0097216&h=600&apikey=7c8ba5e4
67,Life of Brian,tt0079470,['Comedy'],http://img.omdbapi.com/?i=tt0079470&h=600&apikey=7c8ba5e4
68,Chungking Express,tt0109424,"['Comedy', ' Crime', ' Drama']",http://img.omdbapi.com/?i=tt0109424&h=600&apikey=7c8ba5e4
69,Annie Hall,tt0075686,"['Comedy', ' Romance']",http://img.omdbapi.com/?i=tt0075686&h=600&apikey=7c8ba5e4
70,Roman Holiday,tt0046250,"['Comedy', ' Romance']",http://img.omdbapi.com/?i=tt0046250&h=600&apikey=7c8ba5e4
71,La Dolce Vita,tt0053779,"['Comedy', ' Drama']",http://img.omdbapi.com/?i=tt0053779&h=600&apikey=7c8ba5e4
72,Secrets & Lies,tt0117589,"['Comedy', ' Drama']",http://img.omdbapi.com/?i=tt0117589&h=600&apikey=7c8ba5e4
73,My Sassy Girl,tt0293715,"['Comedy', ' Drama', ' Romance']",http://img.omdbapi.com/?i=tt0293715&h=600&apikey=7c8ba5e4
74,My Man Godfrey,tt0028010,"['Comedy', ' Drama', ' Romance']",http://img.omdbapi.com/?i=tt0028010&h=600&apikey=7c8ba5e4
75,Stalag 17,tt0046359,"['Comedy', ' Drama', ' War']",http://img.omdbapi.com/?i=tt0046359&h=600&apikey=7c8ba5e4
76,Kind Hearts and Coronets,tt0041546,"['Comedy', ' Crime']",http://img.omdbapi.com/?i=tt0041546&h=600&apikey=7c8ba5e4
77,Day for Night,tt0070460,"['Comedy', ' Drama', ' Romance']",http://img.omdbapi.com/?i=tt0070460&h=600&apikey=7c8ba5e4
78,The Shop Around the Corner,tt0033045,"['Comedy', ' Drama', ' Romance']",http://img.omdbapi.com/?i=tt0033045&h=600&apikey=7c8ba5e4
79,G.O.R.A.,tt0384116,"['Adventure', ' Comedy', ' Sci-Fi']",http://img.omdbapi.com/?i=tt0384116&h=600&apikey=7c8ba5e4
80,Castaway on the Moon,tt1499666,"['Comedy', ' Drama', ' Romance']",http://img.omdbapi.com/?i=tt1499666&h=600&apikey=7c8ba5e4
81,The Cameraman,tt0018742,"['Comedy', ' Drama', ' Family']",http://img.omdbapi.com/?i=tt0018742&h=600&apikey=7c8ba5e4
82,Trouble in Paradise,tt0023622,"['Comedy', ' Crime', ' Romance']",http://img.omdbapi.com/?i=tt0023622&h=600&apikey=7c8ba5e4
83,My Grandfather's People,tt2150209,"['Comedy', ' Drama', ' Family']",http://img.omdbapi.com/?i=tt2150209&h=600&apikey=7c8ba5e4
84,Puss in Boots: The Last Wish,tt3915174,"['Animation', ' Adventure', ' Comedy']",http://img.omdbapi.com/?i=tt3915174&h=600&apikey=7c8ba5e4
85,Knives Out,tt8946378,"['Comedy', ' Crime', ' Drama']",http://img.omdbapi.com/?i=tt8946378&h=600&apikey=7c8ba5e4
86,Fantastic Mr. Fox,tt0432283,"['Animation', ' Adventure', ' Comedy']",http://img.omdbapi.com/?i=tt0432283&h=600&apikey=7c8ba5e4
87,Thor: Ragnarok,tt3501632,"['Action', ' Adventure', ' Comedy']",http://img.omdbapi.com/?i=tt3501632&h=600&apikey=7c8ba5e4
88,Jojo Rabbit,tt2584384,"['Comedy', ' Drama', ' War']",http://img.omdbapi.com/?i=tt2584384&h=600&apikey=7c8ba5e4
89,The Blues Brothers,tt0080455,"['Action', ' Adventure', ' Comedy']",http://img.omdbapi.com/?i=tt0080455&h=600&apikey=7c8ba5e4
90,Almost Famous,tt0181875,"['Adventure', ' Comedy', ' Drama']",http://img.omdbapi.com/?i=tt0181875&h=600&apikey=7c8ba5e4
91,Shrek,tt0126029,"['Animation', ' Adventure', ' Comedy']",http://img.omdbapi.com/?i=tt0126029&h=600&apikey=7c8ba5e4
92,In Bruges,tt0780536,"['Comedy', ' Crime', ' Drama']",http://img.omdbapi.com/?i=tt0780536&h=600&apikey=7c8ba5e4
93,Shaun of the Dead,tt0365748,"['Comedy', ' Horror']",http://img.omdbapi.com/?i=tt0365748&h=600&apikey=7c8ba5e4
94,The Philadelphia Story,tt0032904,"['Comedy', ' Romance']",http://img.omdbapi.com/?i=tt0032904&h=600&apikey=7c8ba5e4
95,This Is Spinal Tap,tt0088258,"['Comedy', ' Music']",http://img.omdbapi.com/?i=tt0088258&h=600&apikey=7c8ba5e4
96,Toy Story 2,tt0120363,"['Animation', ' Adventure', ' Comedy']",http://img.omdbapi.com/?i=tt0120363&h=600&apikey=7c8ba5e4
97,Charade,tt0056923,"['Comedy', ' Mystery', ' Romance']",http://img.omdbapi.com/?i=tt0056923&h=600&apikey=7c8ba5e4
98,Being There,tt0078841,"['Comedy', ' Drama']",http://img.omdbapi.com/?i=tt0078841&h=600&apikey=7c8ba5e4
99,A Christmas Story,tt0085334,"['Comedy', ' Family']",http://img.omdbapi.com/?i=tt0085334&h=600&apikey=7c8ba5e4
100,Harold and Maude,tt0067185,"['Comedy', ' Drama', ' Romance']",http://img.omdbapi.com/?i=tt0067185&h=600&apikey=7c8ba5e4
101,Sing Street,tt3544112,"['Comedy', ' Drama', ' Music']",http://img.omdbapi.com/?i=tt3544112&h=600&apikey=7c8ba5e4
102,The Artist,tt1655442,"['Comedy', ' Drama', ' Romance']",http://img.omdbapi.com/?i=tt1655442&h=600&apikey=7c8ba5e4
103,Harvey,tt0042546,"['Comedy', ' Drama', ' Fantasy']",http://img.omdbapi.com/?i=tt0042546&h=600&apikey=7c8ba5e4
104,Arsenic and Old Lace,tt0036613,"['Comedy', ' Crime', ' Thriller']",http://img.omdbapi.com/?i=tt0036613&h=600&apikey=7c8ba5e4
105,Kal Ho Naa Ho,tt0347304,"['Comedy', ' Drama', ' Musical']",http://img.omdbapi.com/?i=tt0347304&h=600&apikey=7c8ba5e4
106,Miracle on 34th Street,tt0039628,"['Comedy', ' Drama', ' Family']",http://img.omdbapi.com/?i=tt0039628&h=600&apikey=7c8ba5e4
107,The Thin Man,tt0025878,"['Comedy', ' Crime', ' Mystery']",http://img.omdbapi.com/?i=tt0025878&h=600&apikey=7c8ba5e4
108,"One, Two, Three",tt0055256,['Comedy'],http://img.omdbapi.com/?i=tt0055256&h=600&apikey=7c8ba5e4
109,Auntie Mame,tt0051383,"['Comedy', ' Drama', ' Romance']",http://img.omdbapi.com/?i=tt0051383&h=600&apikey=7c8ba5e4
110,Sullivan's Travels,tt0034240,"['Adventure', ' Comedy', ' Drama']",http://img.omdbapi.com/?i=tt0034240&h=600&apikey=7c8ba5e4
111,C.R.A.Z.Y.,tt0401085,"['Comedy', ' Drama']",http://img.omdbapi.com/?i=tt0401085&h=600&apikey=7c8ba5e4
112,La Grande Vadrouille,tt0060474,"['Adventure', ' Comedy', ' War']",http://img.omdbapi.com/?i=tt0060474&h=600&apikey=7c8ba5e4
113,The Rules of the Game,tt0031885,"['Comedy', ' Drama']",http://img.omdbapi.com/?i=tt0031885&h=600&apikey=7c8ba5e4
114,No Man's Land,tt0283509,"['Comedy', ' Drama', ' War']",http://img.omdbapi.com/?i=tt0283509&h=600&apikey=7c8ba5e4
115,Kin-dza-dza!,tt0091341,"['Comedy', ' Drama', ' Sci-Fi']",http://img.omdbapi.com/?i=tt0091341&h=600&apikey=7c8ba5e4
116,Everything Everywhere All at Once,tt6710474,"['Action', ' Adventure', ' Comedy']",http://img.omdbapi.com/?i=tt6710474&h=600&apikey=7c8ba5e4
117,The Big Short,tt1596363,"['Biography', ' Comedy', ' Drama']",http://img.omdbapi.com/?i=tt1596363&h=600&apikey=7c8ba5e4
118,The Gentlemen,tt8367814,"['Action', ' Comedy', ' Crime']",http://img.omdbapi.com/?i=tt8367814&h=600&apikey=7c8ba5e4
119,About Time,tt2194499,"['Comedy', ' Drama', ' Fantasy']",http://img.omdbapi.com/?i=tt2194499&h=600&apikey=7c8ba5e4
120,The Breakfast Club,tt0088847,"['Comedy', ' Drama']",http://img.omdbapi.com/?i=tt0088847&h=600&apikey=7c8ba5e4
121,Back to the Future Part II,tt0096874,"['Adventure', ' Comedy', ' Sci-Fi']",http://img.omdbapi.com/?i=tt0096874&h=600&apikey=7c8ba5e4
122,Ghostbusters,tt0087332,"['Action', ' Comedy', ' Fantasy']",http://img.omdbapi.com/?i=tt0087332&h=600&apikey=7c8ba5e4
123,Hot Fuzz,tt0425112,"['Action', ' Comedy', ' Mystery']",http://img.omdbapi.com/?i=tt0425112&h=600&apikey=7c8ba5e4
124,Little Miss Sunshine,tt0449059,"['Comedy', ' Drama']",http://img.omdbapi.com/?i=tt0449059&h=600&apikey=7c8ba5e4
125,The Sandlot,tt0108037,"['Comedy', ' Drama', ' Family']",http://img.omdbapi.com/?i=tt0108037&h=600&apikey=7c8ba5e4
126,Ferris Bueller's Day Off,tt0091042,['Comedy'],http://img.omdbapi.com/?i=tt0091042&h=600&apikey=7c8ba5e4
127,Moonrise Kingdom,tt1748122,"['Comedy', ' Drama', ' Family']",http://img.omdbapi.com/?i=tt1748122&h=600&apikey=7c8ba5e4
128,Captain Fantastic,tt3553976,"['Comedy', ' Drama']",http://img.omdbapi.com/?i=tt3553976&h=600&apikey=7c8ba5e4
129,Isle of Dogs,tt5104604,"['Animation', ' Adventure', ' Comedy']",http://img.omdbapi.com/?i=tt5104604&h=600&apikey=7c8ba5e4
130,Big Hero 6,tt2245084,"['Animation', ' Action', ' Adventure']",http://img.omdbapi.com/?i=tt2245084&h=600&apikey=7c8ba5e4
131,Mary Poppins,tt0058331,"['Comedy', ' Family', ' Fantasy']",http://img.omdbapi.com/?i=tt0058331&h=600&apikey=7c8ba5e4
132,Paddington 2,tt4468740,"['Adventure', ' Comedy', ' Family']",http://img.omdbapi.com/?i=tt4468740&h=600&apikey=7c8ba5e4
133,How to Train Your Dragon 2,tt1646971,"['Animation', ' Action', ' Adventure']",http://img.omdbapi.com/?i=tt1646971&h=600&apikey=7c8ba5e4
134,Hunt for the Wilderpeople,tt4698684,"['Adventure', ' Comedy', ' Drama']",http://img.omdbapi.com/?i=tt4698684&h=600&apikey=7c8ba5e4
135,The King of Comedy,tt0085794,"['Comedy', ' Crime', ' Drama']",http://img.omdbapi.com/?i=tt0085794&h=600&apikey=7c8ba5e4
136,Ed Wood,tt0109707,"['Biography', ' Comedy', ' Drama']",http://img.omdbapi.com/?i=tt0109707&h=600&apikey=7c8ba5e4
137,Manhattan,tt0079522,"['Comedy', ' Drama', ' Romance']",http://img.omdbapi.com/?i=tt0079522&h=600&apikey=7c8ba5e4
138,Guess Who's Coming to Dinner,tt0061735,"['Comedy', ' Drama']",http://img.omdbapi.com/?i=tt0061735&h=600&apikey=7c8ba5e4
139,Pride,tt3169706,"['Biography', ' Comedy', ' Drama']",http://img.omdbapi.com/?i=tt3169706&h=600&apikey=7c8ba5e4
140,Hannah and Her Sisters,tt0091167,"['Comedy', ' Drama']",http://img.omdbapi.com/?i=tt0091167&h=600&apikey=7c8ba5e4
141,Bringing Up Baby,tt0029947,['Comedy'],http://img.omdbapi.com/?i=tt0029947&h=600&apikey=7c8ba5e4
142,Playtime,tt0062136,['Comedy'],http://img.omdbapi.com/?i=tt0062136&h=600&apikey=7c8ba5e4
143,The Music Man,tt0056262,"['Comedy', ' Family', ' Musical']",http://img.omdbapi.com/?i=tt0056262&h=600&apikey=7c8ba5e4
144,His Girl Friday,tt0032599,"['Comedy', ' Drama', ' Romance']",http://img.omdbapi.com/?i=tt0032599&h=600&apikey=7c8ba5e4
145,To Have and Have Not,tt0037382,"['Adventure', ' Comedy', ' Film-Noir']",http://img.omdbapi.com/?i=tt0037382&h=600&apikey=7c8ba5e4
146,The Ghost and Mrs. Muir,tt0039420,"['Comedy', ' Drama', ' Fantasy']",http://img.omdbapi.com/?i=tt0039420&h=600&apikey=7c8ba5e4
147,You Can't Take It with You,tt0030993,"['Comedy', ' Drama', ' Romance']",http://img.omdbapi.com/?i=tt0030993&h=600&apikey=7c8ba5e4
148,Crimes and Misdemeanors,tt0097123,"['Comedy', ' Drama']",http://img.omdbapi.com/?i=tt0097123&h=600&apikey=7c8ba5e4
149,Tokyo Godfathers,tt0388473,"['Animation', ' Adventure', ' Comedy']",http://img.omdbapi.com/?i=tt0388473&h=600&apikey=7c8ba5e4
150,Ernest & Celestine,tt1816518,"['Animation', ' Adventure', ' Comedy']",http://img.omdbapi.com/?i=tt1816518&h=600&apikey=7c8ba5e4
151,Duck Soup,tt0023969,"['Comedy', ' Musical']",http://img.omdbapi.com/?i=tt0023969&h=600&apikey=7c8ba5e4
152,The Court Jester,tt0049096,"['Adventure', ' Comedy', ' Family']",http://img.omdbapi.com/?i=tt0049096&h=600&apikey=7c8ba5e4
153,Ninotchka,tt0031725,"['Comedy', ' Romance']",http://img.omdbapi.com/?i=tt0031725&h=600&apikey=7c8ba5e4
154,Monsieur Verdoux,tt0039631,"['Comedy', ' Crime', ' Drama']",http://img.omdbapi.com/?i=tt0039631&h=600&apikey=7c8ba5e4
155,Knockin' on Heaven's Door,tt0119472,"['Action', ' Crime', ' Comedy']",http://img.omdbapi.com/?i=tt0119472&h=600&apikey=7c8ba5e4
156,A Night at the Opera,tt0026778,"['Comedy', ' Music', ' Musical']",http://img.omdbapi.com/?i=tt0026778&h=600&apikey=7c8ba5e4
157,Mr. Deeds Goes to Town,tt0027996,"['Comedy', ' Drama', ' Romance']",http://img.omdbapi.com/?i=tt0027996&h=600&apikey=7c8ba5e4
158,The Death of Mr. Lazarescu,tt0456149,"['Comedy', ' Drama']",http://img.omdbapi.com/?i=tt0456149&h=600&apikey=7c8ba5e4
159,"Steamboat Bill, Jr.",tt0019421,"['Action', ' Comedy', ' Drama']",http://img.omdbapi.com/?i=tt0019421&h=600&apikey=7c8ba5e4
160,Good Morning,tt0053134,"['Comedy', ' Drama', ' Family']",http://img.omdbapi.com/?i=tt0053134&h=600&apikey=7c8ba5e4
161,Seven Chances,tt0016332,"['Comedy', ' Romance']",http://img.omdbapi.com/?i=tt0016332&h=600&apikey=7c8ba5e4
162,Our Hospitality,tt0014341,"['Comedy', ' Romance', ' Thriller']",http://img.omdbapi.com/?i=tt0014341&h=600&apikey=7c8ba5e4
163,The Banshees of Inisherin,tt11813216,"['Comedy', ' Drama']",http://img.omdbapi.com/?i=tt11813216&h=600&apikey=7c8ba5e4
164,The Goonies,tt0089218,"['Adventure', ' Comedy', ' Family']",http://img.omdbapi.com/?i=tt0089218&h=600&apikey=7c8ba5e4
165,Kingsman: The Secret Service,tt2802144,"['Action', ' Adventure', ' Comedy']",http://img.omdbapi.com/?i=tt2802144&h=600&apikey=7c8ba5e4
166,500 Days of Summer,tt1022603,"['Comedy', ' Drama', ' Romance']",http://img.omdbapi.com/?i=tt1022603&h=600&apikey=7c8ba5e4
167,The Hangover,tt1119646,['Comedy'],http://img.omdbapi.com/?i=tt1119646&h=600&apikey=7c8ba5e4
168,Airplane!,tt0080339,['Comedy'],http://img.omdbapi.com/?i=tt0080339&h=600&apikey=7c8ba5e4
169,Home Alone,tt0099785,"['Comedy', ' Family']",http://img.omdbapi.com/?i=tt0099785&h=600&apikey=7c8ba5e4
170,Silver Linings Playbook,tt1045658,"['Comedy', ' Drama', ' Romance']",http://img.omdbapi.com/?i=tt1045658&h=600&apikey=7c8ba5e4
171,Tangled,tt0398286,"['Animation', ' Adventure', ' Comedy']",http://img.omdbapi.com/?i=tt0398286&h=600&apikey=7c8ba5e4
172,The Lego Movie,tt1490017,"['Animation', ' Action', ' Adventure']",http://img.omdbapi.com/?i=tt1490017&h=600&apikey=7c8ba5e4
173,Lost in Translation,tt0335266,"['Comedy', ' Drama']",http://img.omdbapi.com/?i=tt0335266&h=600&apikey=7c8ba5e4
174,Blazing Saddles,tt0071230,"['Comedy', ' Western']",http://img.omdbapi.com/?i=tt0071230&h=600&apikey=7c8ba5e4
175,Birdman or (The Unexpected Virtue of Ignorance),tt2562232,"['Comedy', ' Drama']",http://img.omdbapi.com/?i=tt2562232&h=600&apikey=7c8ba5e4
176,"O Brother, Where Art Thou?",tt0190590,"['Adventure', ' Comedy', ' Crime']",http://img.omdbapi.com/?i=tt0190590&h=600&apikey=7c8ba5e4
177,Toy Story 4,tt1979376,"['Animation', ' Adventure', ' Comedy']",http://img.omdbapi.com/?i=tt1979376&h=600&apikey=7c8ba5e4
178,Midnight in Paris,tt1605783,"['Comedy', ' Fantasy', ' Romance']",http://img.omdbapi.com/?i=tt1605783&h=600&apikey=7c8ba5e4
179,Who Framed Roger Rabbit,tt0096438,"['Animation', ' Adventure', ' Comedy']",http://img.omdbapi.com/?i=tt0096438&h=600&apikey=7c8ba5e4
180,Wreck-It Ralph,tt1772341,"['Animation', ' Adventure', ' Comedy']",http://img.omdbapi.com/?i=tt1772341&h=600&apikey=7c8ba5e4
181,As Good as It Gets,tt0119822,"['Comedy', ' Drama', ' Romance']",http://img.omdbapi.com/?i=tt0119822&h=600&apikey=7c8ba5e4
182,Naked,tt0107653,"['Comedy', ' Drama']",http://img.omdbapi.com/?i=tt0107653&h=600&apikey=7c8ba5e4
183,Marcel the Shell with Shoes On,tt15339456,"['Animation', ' Comedy', ' Drama']",http://img.omdbapi.com/?i=tt15339456&h=600&apikey=7c8ba5e4
184,When Harry Met Sally...,tt0098635,"['Comedy', ' Drama', ' Romance']",http://img.omdbapi.com/?i=tt0098635&h=600&apikey=7c8ba5e4
185,Flipped,tt0817177,"['Comedy', ' Drama', ' Romance']",http://img.omdbapi.com/?i=tt0817177&h=600&apikey=7c8ba5e4
186,Being John Malkovich,tt0120601,"['Comedy', ' Drama', ' Fantasy']",http://img.omdbapi.com/?i=tt0120601&h=600&apikey=7c8ba5e4
187,Evil Dead II,tt0092991,"['Comedy', ' Horror']",http://img.omdbapi.com/?i=tt0092991&h=600&apikey=7c8ba5e4
188,Adaptation.,tt0268126,"['Comedy', ' Drama']",http://img.omdbapi.com/?i=tt0268126&h=600&apikey=7c8ba5e4
189,Happiness,tt0147612,"['Comedy', ' Drama']",http://img.omdbapi.com/?i=tt0147612&h=600&apikey=7c8ba5e4
190,Clerks,tt0109445,['Comedy'],http://img.omdbapi.com/?i=tt0109445&h=600&apikey=7c8ba5e4
191,Breaking Away,tt0078902,"['Comedy', ' Drama', ' Sport']",http://img.omdbapi.com/?i=tt0078902&h=600&apikey=7c8ba5e4
192,"South Park: Bigger, Longer & Uncut",tt0158983,"['Animation', ' Comedy', ' Fantasy']",http://img.omdbapi.com/?i=tt0158983&h=600&apikey=7c8ba5e4
193,My Dinner with Andre,tt0082783,"['Comedy', ' Drama']",http://img.omdbapi.com/?i=tt0082783&h=600&apikey=7c8ba5e4
194,The Quiet Man,tt0045061,"['Comedy', ' Drama', ' Romance']",http://img.omdbapi.com/?i=tt0045061&h=600&apikey=7c8ba5e4
195,Me and Earl and the Dying Girl,tt2582496,"['Comedy', ' Drama', ' Romance']",http://img.omdbapi.com/?i=tt2582496&h=600&apikey=7c8ba5e4
196,Short Cuts,tt0108122,"['Comedy', ' Drama']",http://img.omdbapi.com/?i=tt0108122&h=600&apikey=7c8ba5e4
197,Down by Law,tt0090967,"['Comedy', ' Crime', ' Drama']",http://img.omdbapi.com/?i=tt0090967&h=600&apikey=7c8ba5e4
198,"What's Up, Doc?",tt0069495,"['Comedy', ' Romance']",http://img.omdbapi.com/?i=tt0069495&h=600&apikey=7c8ba5e4
199,Hedwig and the Angry Inch,tt0248845,"['Comedy', ' Drama', ' Music']",http://img.omdbapi.com/?i=tt0248845&h=600&apikey=7c8ba5e4
200,Night on Earth,tt0102536,"['Comedy', ' Drama']",http://img.omdbapi.com/?i=tt0102536&h=600&apikey=7c8ba5e4
201,Good Bye Lenin!,tt0301357,"['Comedy', ' Drama', ' Romance']",http://img.omdbapi.com/?i=tt0301357&h=600&apikey=7c8ba5e4
202,Holiday,tt0030241,"['Comedy', ' Romance']",http://img.omdbapi.com/?i=tt0030241&h=600&apikey=7c8ba5e4
203,The Young Girls of Rochefort,tt0062873,"['Comedy', ' Drama', ' Musical']",http://img.omdbapi.com/?i=tt0062873&h=600&apikey=7c8ba5e4
204,The Women,tt0032143,"['Comedy', ' Drama']",http://img.omdbapi.com/?i=tt0032143&h=600&apikey=7c8ba5e4
205,The Purple Rose of Cairo,tt0089853,"['Comedy', ' Fantasy', ' Romance']",http://img.omdbapi.com/?i=tt0089853&h=600&apikey=7c8ba5e4
206,The Muppet Christmas Carol,tt0104940,"['Comedy', ' Drama', ' Family']",http://img.omdbapi.com/?i=tt0104940&h=600&apikey=7c8ba5e4
207,Love and Death,tt0073312,"['Comedy', ' War']",http://img.omdbapi.com/?i=tt0073312&h=600&apikey=7c8ba5e4
208,Ball of Fire,tt0033373,"['Comedy', ' Romance']",http://img.omdbapi.com/?i=tt0033373&h=600&apikey=7c8ba5e4
209,The Lady Eve,tt0033804,"['Comedy', ' Romance']",http://img.omdbapi.com/?i=tt0033804&h=600&apikey=7c8ba5e4
210,Zelig,tt0086637,['Comedy'],http://img.omdbapi.com/?i=tt0086637&h=600&apikey=7c8ba5e4
211,The Awful Truth,tt0028597,"['Comedy', ' Romance']",http://img.omdbapi.com/?i=tt0028597&h=600&apikey=7c8ba5e4
212,Stroszek,tt0075276,"['Comedy', ' Drama']",http://img.omdbapi.com/?i=tt0075276&h=600&apikey=7c8ba5e4
213,Top Hat,tt0027125,"['Comedy', ' Musical', ' Romance']",http://img.omdbapi.com/?i=tt0027125&h=600&apikey=7c8ba5e4
214,A Letter to Three Wives,tt0041587,"['Comedy', ' Drama', ' Romance']",http://img.omdbapi.com/?i=tt0041587&h=600&apikey=7c8ba5e4
215,In July,tt0177858,"['Adventure', ' Comedy', ' Romance']",http://img.omdbapi.com/?i=tt0177858&h=600&apikey=7c8ba5e4
216,Rory O'Shea Was Here,tt0417791,"['Comedy', ' Drama']",http://img.omdbapi.com/?i=tt0417791&h=600&apikey=7c8ba5e4
217,The Barber of Siberia,tt0120125,"['Comedy', ' Drama', ' History']",http://img.omdbapi.com/?i=tt0120125&h=600&apikey=7c8ba5e4
218,Nimona,tt19500164,"['Animation', ' Action', ' Adventure']",http://img.omdbapi.com/?i=tt19500164&h=600&apikey=7c8ba5e4
219,Once Upon a Time in Hollywood,tt7131622,"['Comedy', ' Drama']",http://img.omdbapi.com/?i=tt7131622&h=600&apikey=7c8ba5e4
220,Dazed and Confused,tt0106677,['Comedy'],http://img.omdbapi.com/?i=tt0106677&h=600&apikey=7c8ba5e4
221,Superbad,tt0829482,['Comedy'],http://img.omdbapi.com/?i=tt0829482&h=600&apikey=7c8ba5e4
222,Guardians of the Galaxy Vol. 2,tt3896198,"['Action', ' Adventure', ' Comedy']",http://img.omdbapi.com/?i=tt3896198&h=600&apikey=7c8ba5e4
223,Deadpool 2,tt5463162,"['Action', ' Adventure', ' Comedy']",http://img.omdbapi.com/?i=tt5463162&h=600&apikey=7c8ba5e4
224,Love Actually,tt0314331,"['Comedy', ' Drama', ' Romance']",http://img.omdbapi.com/?i=tt0314331&h=600&apikey=7c8ba5e4
225,Moana,tt3521164,"['Animation', ' Adventure', ' Comedy']",http://img.omdbapi.com/?i=tt3521164&h=600&apikey=7c8ba5e4
226,Kick-Ass,tt1250777,"['Action', ' Comedy', ' Crime']",http://img.omdbapi.com/?i=tt1250777&h=600&apikey=7c8ba5e4
227,Office Space,tt0151804,['Comedy'],http://img.omdbapi.com/?i=tt0151804&h=600&apikey=7c8ba5e4
228,What We Do in the Shadows,tt3416742,"['Comedy', ' Horror']",http://img.omdbapi.com/?i=tt3416742&h=600&apikey=7c8ba5e4
229,Kung Fu Panda,tt0441773,"['Animation', ' Action', ' Adventure']",http://img.omdbapi.com/?i=tt0441773&h=600&apikey=7c8ba5e4
230,My Cousin Vinny,tt0104952,"['Comedy', ' Crime']",http://img.omdbapi.com/?i=tt0104952&h=600&apikey=7c8ba5e4
231,The Royal Tenenbaums,tt0265666,"['Comedy', ' Drama']",http://img.omdbapi.com/?i=tt0265666&h=600&apikey=7c8ba5e4
232,The Peanut Butter Falcon,tt4364194,"['Adventure', ' Comedy', ' Drama']",http://img.omdbapi.com/?i=tt4364194&h=600&apikey=7c8ba5e4
233,Zombieland,tt1156398,"['Action', ' Comedy', ' Horror']",http://img.omdbapi.com/?i=tt1156398&h=600&apikey=7c8ba5e4
234,Incredibles 2,tt3606756,"['Animation', ' Action', ' Adventure']",http://img.omdbapi.com/?i=tt3606756&h=600&apikey=7c8ba5e4
235,Mulan,tt0120762,"['Animation', ' Adventure', ' Comedy']",http://img.omdbapi.com/?i=tt0120762&h=600&apikey=7c8ba5e4
236,The Mitchells vs the Machines,tt7979580,"['Animation', ' Adventure', ' Comedy']",http://img.omdbapi.com/?i=tt7979580&h=600&apikey=7c8ba5e4
237,After Hours,tt0088680,"['Comedy', ' Crime', ' Drama']",http://img.omdbapi.com/?i=tt0088680&h=600&apikey=7c8ba5e4
238,Despicable Me,tt1323594,"['Animation', ' Adventure', ' Comedy']",http://img.omdbapi.com/?i=tt1323594&h=600&apikey=7c8ba5e4
239,Rushmore,tt0128445,"['Comedy', ' Drama', ' Romance']",http://img.omdbapi.com/?i=tt0128445&h=600&apikey=7c8ba5e4
240,Breakfast at Tiffany's,tt0054698,"['Comedy', ' Drama', ' Romance']",http://img.omdbapi.com/?i=tt0054698&h=600&apikey=7c8ba5e4
241,The Jungle Book,tt0061852,"['Animation', ' Adventure', ' Comedy']",http://img.omdbapi.com/?i=tt0061852&h=600&apikey=7c8ba5e4
242,"Planes, Trains & Automobiles",tt0093748,"['Comedy', ' Drama']",http://img.omdbapi.com/?i=tt0093748&h=600&apikey=7c8ba5e4
243,Interstate 60: Episodes of the Road,tt0165832,"['Adventure', ' Comedy', ' Drama']",http://img.omdbapi.com/?i=tt0165832&h=600&apikey=7c8ba5e4
244,Fallen Angels,tt0112913,"['Comedy', ' Crime', ' Drama']",http://img.omdbapi.com/?i=tt0112913&h=600&apikey=7c8ba5e4
245,Mr. Church,tt4196848,"['Comedy', ' Drama']",http://img.omdbapi.com/?i=tt4196848&h=600&apikey=7c8ba5e4
246,The Naked Gun: From the Files of Police Squad!,tt0095705,"['Comedy', ' Crime']",http://img.omdbapi.com/?i=tt0095705&h=600&apikey=7c8ba5e4
247,Sabrina,tt0047437,"['Comedy', ' Drama', ' Romance']",http://img.omdbapi.com/?i=tt0047437&h=600&apikey=7c8ba5e4
248,50/50,tt1306980,"['Comedy', ' Drama', ' Romance']",http://img.omdbapi.com/?i=tt1306980&h=600&apikey=7c8ba5e4
249,Kelly's Heroes,tt0065938,"['Adventure', ' Comedy', ' War']",http://img.omdbapi.com/?i=tt0065938&h=600&apikey=7c8ba5e4
